grupo;tipo;confianca;motivo;similaridade_base;id;nome;marca;codigo_ref;ean;ncm;estoque_atual;estoque_min;preco_ou_valor;codigo_servico;criado_em;MARCAR_DUPLICADO_SIM_NAO
P001;PRODUTO;ALTA;mesmo nome após normalizar acentos, pontuação e abreviações;1.000;90e4a533-7e09-42a3-80dd-5ef0bf51060f;Coxim Câmbio ;Sem Marca;;;;-1;0;0;;2026-05-06T17:32:12.65769+00:00;
P001;PRODUTO;ALTA;mesmo nome após normalizar acentos, pontuação e abreviações;1.000;1f61f51d-cf2f-4e1f-9ace-e65f7d951b66;COXIM CAMBIO;Sem Marca;;;;-2;0;0;;2026-07-13T19:40:50.056933+00:00;
P003;PRODUTO;ALTA;mesmo nome após normalizar acentos, pontuação e abreviações;1.000;98a3413d-caee-46ef-b664-7b18e8cecfe3;Parafuso de roda 12mm ;Sem Marca;;;;-1;0;0;;2026-05-14T17:07:53.485389+00:00;
P003;PRODUTO;ALTA;mesmo nome após normalizar acentos, pontuação e abreviações;1.000;ae65c937-eeb4-433d-892e-87e32ceae4f2;PARAFUSO DE RODA 12MM;Sem Marca;;;;-1;0;0;;2026-08-11T12:17:16.777977+00:00;
P005;PRODUTO;ALTA;mesmo nome após normalizar acentos, pontuação e abreviações;1.000;92a8bcb3-7151-438a-a872-8d0fabffd818;Oleo 5w40 ;Sem Marca;;;27101932;-4;0;0;;2026-05-14T20:07:57.423232+00:00;
P005;PRODUTO;ALTA;mesmo nome após normalizar acentos, pontuação e abreviações;1.000;55781932-dbd0-42b4-bd8a-e96ea4fd140d;Óleo 5w40;Sem Marca;;;;-1;0;0;;2026-05-14T17:10:00.978488+00:00;
P005;PRODUTO;ALTA;mesmo nome após normalizar acentos, pontuação e abreviações;1.000;c38796f3-9e94-44fc-a06d-9c946d6641fa;OLEO 5W40;Sem Marca;;;;-2;0;0;;2026-07-23T14:27:19.279181+00:00;
P008;PRODUTO;ALTA;mesmo nome após normalizar acentos, pontuação e abreviações;1.000;4ac4111d-a55c-4df3-b50c-58671022b113;Filtro de óleo ;Sem Marca;;;;-2;0;0;;2026-05-14T17:09:25.599606+00:00;
P008;PRODUTO;ALTA;mesmo nome após normalizar acentos, pontuação e abreviações;1.000;27014f98-2e89-4737-9f77-bfe5c621b7c9;Filtro de oleo ;Sem Marca;;;84212300;-5;0;0;;2026-05-14T20:06:53.936182+00:00;
P010;PRODUTO;ALTA;mesmo nome após normalizar acentos, pontuação e abreviações;1.000;f187399f-6800-4fc3-ab48-d76aa034b92d;Kit Embreagem;Sem Marca;;;;-1;0;0;;2026-05-18T19:07:52.473231+00:00;
P010;PRODUTO;ALTA;mesmo nome após normalizar acentos, pontuação e abreviações;1.000;c5d14f26-62ff-4c80-849a-d27c48a6693d;KIT EMBREAGEM;Sem Marca;;;;0;0;0;;2026-08-05T12:15:17.302284+00:00;
P012;PRODUTO;ALTA;mesmo nome após normalizar acentos, pontuação e abreviações;1.000;94942301-6eb9-4d32-8e6e-ec815dd0f4cc;Aditivo ;Sem Marca;;;38200000;-1;0;0;;2026-04-24T15:11:08.728732+00:00;
P012;PRODUTO;ALTA;mesmo nome após normalizar acentos, pontuação e abreviações;1.000;1f4a91f0-03c3-4e29-b758-850620bb8049;Aditivo;Sem Marca;;;;-6;0;0;;2026-04-24T15:10:00.900426+00:00;
P014;PRODUTO;ALTA;mesmo nome após normalizar acentos, pontuação e abreviações;1.000;59c6c7c0-8904-4ab9-8347-12cfdcb5171c;Junta Tampa de Válvula;Sem Marca;;;;-2;0;0;;2026-05-08T18:24:24.998772+00:00;
P014;PRODUTO;ALTA;nomes praticamente idênticos;0.967;45862f9f-a904-4bb4-916a-965dfb17b0fb;JUNTA DE TAMPA DE VALVULA;Sem Marca;;;;-1;0;0;;2026-07-13T20:11:20.940884+00:00;
P016;PRODUTO;ALTA;mesmo nome após normalizar acentos, pontuação e abreviações;1.000;ae605438-fa22-4bf5-ba5f-44452f6863b7;Jg de parafuso cabeçote ;Sem Marca;;;;-1;0;0;;2026-05-14T19:53:20.253535+00:00;
P016;PRODUTO;ALTA;mesmo nome após normalizar acentos, pontuação e abreviações;1.000;e91ba3c0-ca94-4d0f-bece-0be86125c4a4;JOGO DE PARAFUSO - CABEÇOTE ;Sem Marca;;;73181500;-2;0;0;;2026-06-30T18:44:05.403705+00:00;
P018;PRODUTO;ALTA;mesmo nome após normalizar acentos, pontuação e abreviações;1.000;0a2cbdf3-ac45-45f6-b14b-011e62caba72;Óleo 80w90 Câmbio;Sem Marca;;;;-1;0;0;;2026-05-18T19:43:51.301201+00:00;
P018;PRODUTO;ALTA;mesmo nome após normalizar acentos, pontuação e abreviações;1.000;44651462-e902-43ee-a167-4c4a1383adb3;OLEO 80W90 CAMBIO;Sem Marca;;;;2;0;0;;2026-07-29T13:08:04.593609+00:00;
P020;PRODUTO;ALTA;mesmo nome após normalizar acentos, pontuação e abreviações;1.000;b6213670-44e4-4c5e-8ee8-c9fc79a4ed87;Correia alternador v;Sem Marca;;;;-2;0;0;;2026-05-28T12:13:08.618161+00:00;
P020;PRODUTO;ALTA;nomes praticamente idênticos;0.944;f7af6bd3-0e5b-45ff-a987-712962d98754;CORREIA ALTERNADOR ;Sem Marca;;;;0;0;0;;2026-07-27T20:23:38.628457+00:00;
P022;PRODUTO;ALTA;mesmo nome após normalizar acentos, pontuação e abreviações;1.000;c1175eed-3e10-42d7-8920-3b2209f034cb;Óleo ATF ;Sem Marca;;;;-1;0;0;;2026-05-07T17:07:19.65607+00:00;
P022;PRODUTO;ALTA;mesmo nome após normalizar acentos, pontuação e abreviações;1.000;f7d76135-cc35-4db8-8c64-505645e8e17c;OLEO ATF ;Sem Marca;;;;-3;0;0;;2026-07-08T20:26:59.016551+00:00;
P024;PRODUTO;ALTA;mesmo nome após normalizar acentos, pontuação e abreviações;1.000;8e342f99-0a88-42ad-81cd-03199bf3ef2d;Correia do comando de valvula ;Sem Marca;;;;-1;0;0;;2026-05-14T19:58:34.212677+00:00;
P024;PRODUTO;ALTA;mesmo nome após normalizar acentos, pontuação e abreviações;1.000;701f968d-0ba6-4378-b552-cb681c728c66;Correia do comando de valvula ;Sem Marca;;;;0;0;0;;2026-05-14T19:58:42.563781+00:00;
P026;PRODUTO;ALTA;mesmo nome após normalizar acentos, pontuação e abreviações;1.000;847038ad-13b8-4924-afaf-a4aad13e3976;Filtro de combustível ;Sem Marca;;;;-2;0;0;;2026-05-20T15:07:06.009684+00:00;
P026;PRODUTO;ALTA;mesmo nome após normalizar acentos, pontuação e abreviações;1.000;64e0609e-5f9d-4bb9-aac7-181ff701c094;filtro de combustível;Sem Marca;;;;-2;0;0;;2026-04-28T20:04:36.883011+00:00;
P028;PRODUTO;ALTA;mesmo nome após normalizar acentos, pontuação e abreviações;1.000;8c24eeaa-8ef0-4d74-ad9d-919fed33f659;Abraçadeira p;Sem Marca;;;;-1;0;0;;2026-05-28T12:12:22.441862+00:00;
P028;PRODUTO;MEDIA;"nomes muito semelhantes; confirmar aplicação, marca ou referência";0.917;38434b0a-1371-40d2-a741-12cb53d3f9a3;abraçadeira;Sem Marca;;;;-1;0;0;;2026-07-17T19:02:08.52703+00:00;
P030;PRODUTO;ALTA;mesmo nome após normalizar acentos, pontuação e abreviações;1.000;5831d69b-cd08-4e70-9ac9-bf3171373c8a;Retentor comando de valvula ;Sem Marca;;;;-2;0;0;;2026-05-14T19:57:35.992123+00:00;
P030;PRODUTO;ALTA;nomes praticamente idênticos;0.931;2155ba42-a23e-4d51-b496-f351098d358f;RETENTOR DE COMANDO VALVULA;Sem Marca;;;;-1;0;0;;2026-07-13T18:48:48.868821+00:00;
P032;PRODUTO;ALTA;mesmo nome após normalizar acentos, pontuação e abreviações;1.000;b9547fa7-cca9-4378-8fdc-b4d3964e4852;Cola silicone ;Sem Marca;;;;-1;0;0;;2026-05-28T12:14:03.52722+00:00;
P032;PRODUTO;ALTA;mesmo nome após normalizar acentos, pontuação e abreviações;1.000;f93b516d-3069-4f13-8db9-b1546eb02733;COLA SILICONE;Sem Marca;;;;-1;0;0;;2026-07-16T19:38:39.742772+00:00;
P034;PRODUTO;ALTA;mesmo nome após normalizar acentos, pontuação e abreviações;1.000;b6b5b1c6-56a6-4c52-95f5-42f9bb85f0d3;Radiador;Sem Marca;;;87089100;-2;0;0;;2026-05-29T18:08:13.12618+00:00;
P034;PRODUTO;ALTA;mesmo nome após normalizar acentos, pontuação e abreviações;1.000;f98add90-5e09-4161-988c-ff2073231a01;RADIADOR ;Sem Marca;;;;0;0;0;;2026-07-17T17:37:37.339276+00:00;
P034;PRODUTO;ALTA;mesmo nome após normalizar acentos, pontuação e abreviações;1.000;3cb40a31-290b-44f4-88bd-a963df58e07b;RADIADOR ;Sem Marca;;;;0;0;0;;2026-07-17T17:37:42.517913+00:00;
P037;PRODUTO;ALTA;mesmo nome após normalizar acentos, pontuação e abreviações;1.000;9a292e34-398e-48e2-b5c1-b10e7a71be6d;mangueira de silicone 5mm int;Sem Marca;;;;-1;0;0;;2026-04-28T20:09:25.182747+00:00;
P037;PRODUTO;ALTA;mesmo nome após normalizar acentos, pontuação e abreviações;1.000;ad7d0d83-48d1-4b1b-985f-1eeaa6a35b53;mangueira de silicone 5mm int;Sem Marca;;;;-1;0;0;;2026-04-28T20:09:34.533263+00:00;
P039;PRODUTO;ALTA;mesmo nome após normalizar acentos, pontuação e abreviações;1.000;65e0cae5-7ae5-4fe9-bea9-af2ea2100c07;Disco de Freio Dianteiro;Sem Marca;;;;0;0;0;;2026-04-29T17:49:18.942082+00:00;
P039;PRODUTO;ALTA;mesmo nome após normalizar acentos, pontuação e abreviações;1.000;489084c4-ffb1-422e-92f1-41f627c7014e;DISCO DE FREIO DIANTEIRO;Sem Marca;;;;-1;0;0;;2026-08-10T14:53:45.997096+00:00;
P041;PRODUTO;ALTA;mesmo nome após normalizar acentos, pontuação e abreviações;1.000;239f6230-4bd5-44c1-948b-4be67790ab90;Jogo Pastilha Freio Dianteira;Sem Marca;;;;-1;0;0;;2026-04-29T17:51:14.304823+00:00;
P041;PRODUTO;ALTA;mesmo nome após normalizar acentos, pontuação e abreviações;1.000;533d0fce-ec6f-4994-bb3c-dccea48846b4;Jogo Pastilha Freio Dianteira;Sem Marca;;;;0;0;0;;2026-04-29T17:51:21.076215+00:00;
P043;PRODUTO;ALTA;mesmo nome após normalizar acentos, pontuação e abreviações;1.000;fb95390f-9e8e-42c5-8d9c-1d86a758ffbb;Óleo Motor 5W30;Sem Marca;;;;-1;0;0;;2026-05-06T18:01:59.43106+00:00;
P043;PRODUTO;ALTA;mesmo nome após normalizar acentos, pontuação e abreviações;1.000;0f84b978-e563-4054-99f5-95e690151bf7;Óleo motor 5w30;Sem Marca;;;;-1;0;0;;2026-05-26T19:09:44.13638+00:00;
P043;PRODUTO;ALTA;mesmo nome após normalizar acentos, pontuação e abreviações;1.000;90193859-7ed8-43ed-bce3-1f1a36ac4d63;OLEO MOTOR 5W30;Sem Marca;;;27101932;-1;0;0;;2026-07-20T17:49:22.362888+00:00;
P046;PRODUTO;ALTA;mesmo nome após normalizar acentos, pontuação e abreviações;1.000;248efeff-56f9-4b4b-96d4-2f0c83f96307;RETENTOR VIRABREQUIM DIANTEIRO;Sem Marca;;;;-1;0;0;;2026-07-09T13:25:32.051709+00:00;
P046;PRODUTO;ALTA;nomes praticamente idênticos;0.952;823ab6e2-b2ad-4f61-8257-1bd7845d75e8;RETENTOR DIANTEIRO VIRABREQUIM;Sem Marca;;;40169300;-1;0;0;;2026-07-24T20:21:26.002206+00:00;
P048;PRODUTO;ALTA;mesmo nome após normalizar acentos, pontuação e abreviações;1.000;9e807dd1-b8db-45ee-9293-55ca3d6c583e;CABO DE VELA;Sem Marca;;;85443000;-2;0;0;;2026-07-14T20:28:51.139055+00:00;
P048;PRODUTO;ALTA;mesmo nome após normalizar acentos, pontuação e abreviações;1.000;0157a176-4fe7-408f-8a46-35c607f29936;CABO DE VELA ;Sem Marca;;;85443000;-1;0;0;;2026-08-12T14:45:05.902192+00:00;
P050;PRODUTO;ALTA;mesmo nome após normalizar acentos, pontuação e abreviações;1.000;bfcc03fc-1ca0-49b5-8af1-914d40c7562a;SOQUETE 3 POLOS;Sem Marca;;;;0;0;0;;2026-07-17T18:11:27.02257+00:00;
P050;PRODUTO;MEDIA;"nomes muito semelhantes; confirmar aplicação, marca ou referência";0.914;1132071f-2dcd-45de-a0c7-252ec0e62e55;SOQUETE 2 POLOS;Sem Marca;;;;0;0;0;;2026-08-07T14:17:48.547262+00:00;
P052;PRODUTO;ALTA;mesmo nome após normalizar acentos, pontuação e abreviações;1.000;b74f5924-a664-4f89-bfba-b189011b0ec4;SOQUETE 3 POLOS - SINALIZAÇÃO PISCA LD;Sem Marca;;;;0;0;0;;2026-07-17T18:12:29.496995+00:00;
P052;PRODUTO;ALTA;nomes praticamente idênticos;0.960;00f37fd8-6782-44e4-bb99-c266855a5a31;SOQUETE 2 POLOS - SINALIZAÇÃO PISCA LD;Sem Marca;;;;-1;0;0;;2026-07-17T18:16:39.869663+00:00;
P054;PRODUTO;ALTA;mesmo nome após normalizar acentos, pontuação e abreviações;1.000;c5391176-3bb4-4a91-8e90-f429ccd03ace;"PARAFUSO 8MM ""1,5""";Sem Marca;;;;-1;0;0;;2026-07-27T20:22:13.270756+00:00;
P054;PRODUTO;MEDIA;"nomes muito semelhantes; confirmar aplicação, marca ou referência";0.914;36e095af-c2e6-43c0-b97b-827450cc5a9b;"PARAFUSO 8MM ""2,5""";Sem Marca;;;;-1;0;0;;2026-07-27T20:22:30.708607+00:00;
S056;SERVICO;ALTA;mesmo nome após normalizar acentos, pontuação e abreviações;1.000;d126dc1e-e616-49cb-98a4-d44e1ec0a893;Mdo;;;;;;;0;;2026-04-24T15:13:50.534805+00:00;
S056;SERVICO;ALTA;mesmo nome após normalizar acentos, pontuação e abreviações;1.000;c13754e1-75f4-4b50-9690-d2d173baca01;Mdo  ;;;;;;;0;;2026-05-14T19:52:29.967534+00:00;
S058;SERVICO;ALTA;mesmo nome após normalizar acentos, pontuação e abreviações;1.000;f2c0ab46-6c8a-4122-9232-e25821ac75c6;troca de óleo;;;;;;;0;;2026-04-28T22:17:55.153334+00:00;
S058;SERVICO;ALTA;mesmo nome após normalizar acentos, pontuação e abreviações;1.000;3f179744-08e3-4bf2-8753-71357f0295f2;Troca de oleo;;;;;;;0;;2026-05-11T14:16:08.440776+00:00;
S060;SERVICO;ALTA;mesmo nome após normalizar acentos, pontuação e abreviações;1.000;946bb62a-3d4d-4b59-90e7-e658686d33b3;Mão de Obra: Retirar Prisioneiro e Troca de oléo Cambio;;;;;;;0;;2026-05-06T17:24:21.06211+00:00;
S060;SERVICO;ALTA;mesmo nome após normalizar acentos, pontuação e abreviações;1.000;c8ae6182-3a9e-4a07-91dc-f78dbf319d8d;Mão de Obra: Retirar Prisioneiro e Troca de óleo Cambio;;;;;;;0;;2026-05-06T17:24:44.98933+00:00;
S062;SERVICO;ALTA;mesmo nome após normalizar acentos, pontuação e abreviações;1.000;db09a477-1d2f-4407-b50f-e0b5eada374f;Mão de Obra;;;;;;;0;;2026-05-07T17:06:29.203974+00:00;
S062;SERVICO;ALTA;mesmo nome após normalizar acentos, pontuação e abreviações;1.000;a0a1b336-fb2b-421b-a07e-bd5329031170;MÃO DE OBRA ;;;;;;;0;;2026-07-15T12:42:39.436769+00:00;
S062;SERVICO;ALTA;mesmo nome após normalizar acentos, pontuação e abreviações;1.000;1f11a338-8d3c-4239-96ac-ffc575271bb1;MAÕ DE OBRA;;;;;;;0;;2026-07-30T17:08:34.41658+00:00;
S065;SERVICO;ALTA;mesmo nome após normalizar acentos, pontuação e abreviações;1.000;d7137f87-c439-4016-96bb-a6f0e0642e45;MAO DE OBRA CABECOTE;;;;;;;0;;2026-06-30T21:49:35.591841+00:00;
S065;SERVICO;ALTA;mesmo nome após normalizar acentos, pontuação e abreviações;1.000;f6ea696a-cfc4-4eda-86f5-676ede677488;MÃO DE OBRA CABEÇOTE;;;;;;;0;;2026-07-29T13:26:53.12607+00:00;
S067;SERVICO;ALTA;mesmo nome após normalizar acentos, pontuação e abreviações;1.000;d818561f-99dd-4e29-94d0-ddfd454b3854;MÃO DE OBRA + SANGRIA ;;;;;;;0;;2026-08-03T20:54:22.338829+00:00;
S067;SERVICO;ALTA;mesmo nome após normalizar acentos, pontuação e abreviações;1.000;febb49c5-db04-41a3-bf05-a773d687079d;MAO DE OBRA - SANGRIA;;;;;;;0;;2026-08-05T12:43:08.766795+00:00;